experiment,solution_id,obj_1,obj_2,obj_3,breakfast_ids,lunch_ids
algo_nsga2,0,-11.321149865384616,5.948850134615385,11.678850134615384,"[33, 13, 24, 50, 69, 63, 18, 2, 41, 21, 80, 29, 71, 39, 58]","[339, 385, 178, 281, 143, 232, 201, 174, 124, 290, 139, 369, 378, 104, 267]"
algo_nsga2,1,-7.02004425,12.05995575,3.9799557500000002,"[33, 13, 24, 69, 63, 2, 41, 80, 29, 71, 39, 58, 49, 40, 93]","[281, 143, 232, 201, 174, 124, 290, 139, 369, 378, 104, 267, 402, 257, 327]"
algo_nsga2,2,-113.62753982423955,27.752460175760447,93.67246017576043,"[91, 22, 88, 32, 44, 92, 6, 17, 90, 68, 61, 27, 36, 62, 65]","[319, 275, 151, 337, 248, 344, 323, 296, 221, 358, 274, 201, 219, 262, 374]"
algo_nsga2,3,-113.62753982423955,27.752460175760447,93.67246017576043,"[91, 22, 88, 32, 44, 92, 6, 17, 90, 68, 61, 27, 36, 62, 65]","[319, 275, 151, 337, 248, 344, 323, 296, 221, 358, 274, 201, 219, 262, 374]"
algo_nsga2,4,-96.065784775,37.334215225,50.534215225000004,"[78, 17, 85, 68, 61, 27, 54, 62, 65, 36, 73, 10, 26, 48, 72]","[154, 248, 344, 323, 221, 114, 153, 166, 231, 358, 277, 201, 219, 262, 374]"
algo_nsga2,5,1.8290621569077112,7.979062156907712,5.829062156907711,"[50, 49, 56, 88, 6, 72, 59, 15, 61, 10, 48, 13, 92, 17, 53]","[329, 187, 350, 361, 339, 149, 143, 215, 284, 220, 132, 371, 114, 166, 212]"
algo_nsga2,6,-110.28071223557693,23.86928776442308,79.31928776442308,"[77, 91, 22, 88, 32, 44, 92, 78, 17, 85, 62, 68, 89, 27, 36]","[275, 151, 154, 248, 344, 323, 221, 358, 346, 201, 219, 262, 374, 382, 299]"
algo_nsga2,7,-113.18831212734301,36.481687872657005,76.511687872657,"[77, 91, 22, 88, 32, 44, 92, 78, 17, 85, 90, 68, 61, 27, 36]","[151, 154, 248, 344, 323, 221, 358, 201, 219, 262, 374, 382, 299, 155, 363]"
algo_nsga2,8,-95.155428244225,28.414571755774983,56.24457175577498,"[9, 4, 25, 79, 89, 31, 36, 33, 35, 67, 21, 59, 15, 61, 7]","[319, 275, 151, 154, 248, 344, 323, 296, 221, 358, 274, 201, 219, 262, 374]"
algo_nsga2,9,-98.92784041438986,20.94215958561013,78.77215958561011,"[44, 92, 6, 78, 17, 85, 90, 68, 61, 27, 36, 8, 51, 54, 62]","[319, 275, 151, 337, 248, 344, 323, 296, 221, 358, 274, 201, 219, 262, 374]"
algo_nsga2,10,-110.64407851636211,33.665921483637895,74.95592148363788,"[29, 91, 22, 88, 32, 44, 92, 78, 17, 85, 90, 68, 61, 27, 54]","[154, 248, 344, 323, 221, 114, 153, 166, 231, 358, 277, 201, 219, 262, 374]"
algo_nsga2,11,-110.64407851636211,33.665921483637895,74.95592148363788,"[29, 91, 22, 88, 32, 44, 92, 78, 17, 85, 90, 68, 61, 27, 54]","[154, 248, 344, 323, 221, 114, 153, 166, 231, 358, 201, 219, 262, 374, 382]"
algo_nsga2,12,-106.66750758838312,21.102492411616897,60.732492411616896,"[91, 9, 88, 32, 44, 92, 78, 85, 90, 27, 36, 8, 65, 38, 10]","[275, 151, 154, 248, 344, 323, 296, 221, 358, 274, 201, 219, 262, 374, 382]"
algo_nsga2,13,-37.796418134999996,9.103581865,21.903581865,"[32, 61, 8, 59, 10, 26, 56, 13, 69, 14, 88, 41, 82, 92, 38]","[389, 353, 332, 192, 262, 394, 221, 317, 128, 306, 242, 145, 373, 329, 392]"
algo_nsga2,14,-89.76924810497171,17.99075189502831,66.0307518950283,"[77, 91, 32, 44, 78, 17, 85, 90, 61, 27, 36, 8, 51, 54, 45]","[319, 275, 151, 154, 299, 344, 323, 296, 221, 358, 274, 200, 219, 262, 374]"
algo_nsga2,15,-47.38675465000001,29.523245349999996,19.61324535,"[41, 1, 22, 69, 46, 24, 55, 63, 48, 27, 15, 54, 73, 16, 21]","[398, 161, 354, 342, 97, 315, 258, 285, 248, 140, 189, 203, 101, 296, 289]"
algo_nsga2,16,-97.80906008500001,19.880939915,69.19093991499999,"[77, 45, 9, 88, 32, 44, 92, 78, 85, 90, 27, 36, 8, 65, 38]","[292, 275, 151, 154, 248, 344, 323, 296, 221, 358, 274, 201, 219, 262, 374]"
algo_nsga2,17,-64.97798644375,32.952013556249995,28.822013556250003,"[9, 19, 53, 3, 82, 89, 25, 67, 59, 15, 61, 38, 10, 41, 13]","[383, 217, 292, 339, 385, 247, 400, 340, 154, 316, 266, 251, 273, 253, 204]"
algo_nsga2,18,-67.07310630532618,19.236893694673814,35.426893694673815,"[72, 9, 19, 53, 24, 25, 69, 89, 31, 36, 91, 67, 59, 15, 61]","[248, 320, 300, 151, 141, 344, 323, 296, 221, 358, 274, 201, 219, 262, 374]"
algo_nsga2,19,-62.93098874261561,30.89901125738438,28.569011257384382,"[9, 19, 53, 65, 82, 89, 25, 67, 59, 15, 61, 38, 10, 41, 13]","[383, 217, 292, 339, 385, 247, 400, 340, 154, 316, 266, 251, 273, 253, 204]"
algo_nsga2,20,-22.722381249999998,6.067618749999999,17.277618750000002,"[6, 33, 63, 47, 50, 69, 18, 2, 41, 21, 80, 29, 84, 39, 58]","[243, 299, 339, 310, 321, 241, 366, 233, 292, 140, 257, 151, 218, 338, 108]"
algo_nsga2,21,-98.73035476,36.729645239999996,59.16964524,"[92, 78, 17, 85, 68, 61, 27, 54, 62, 65, 36, 73, 10, 26, 48]","[154, 248, 344, 323, 221, 114, 153, 166, 231, 358, 277, 201, 219, 262, 374]"
algo_nsga2,22,-79.99970271000001,18.830297289999997,42.00029729,"[9, 32, 44, 92, 78, 88, 51, 27, 36, 8, 86, 10, 26, 15, 63]","[276, 285, 151, 154, 248, 344, 323, 296, 221, 358, 274, 201, 219, 262, 374]"
algo_nsga2,23,-94.47826616494639,18.301733835053614,53.02173383505361,"[45, 9, 88, 32, 44, 92, 78, 85, 90, 27, 36, 8, 65, 38, 10]","[275, 151, 154, 248, 344, 323, 296, 221, 358, 274, 201, 219, 262, 374, 382]"
algo_nsga2,24,-6.926816327556008,8.303183672443991,6.673183672443991,"[49, 53, 9, 7, 20, 47, 19, 36, 62, 90, 15, 22, 50, 32, 42]","[303, 121, 280, 179, 276, 175, 115, 400, 380, 154, 279, 133, 131, 252, 323]"
algo_nsga2,25,-54.264540749999995,13.365459249999999,33.935459249999994,"[38, 10, 26, 15, 56, 63, 82, 13, 31, 36, 21, 72, 76, 9, 19]","[151, 141, 107, 154, 248, 344, 323, 296, 221, 358, 274, 201, 219, 262, 374]"
algo_nsga2,26,-21.3308857,7.1991143,13.8691143,"[60, 67, 26, 52, 57, 14, 42, 53, 7, 21, 80, 29, 39, 58, 49]","[300, 332, 188, 238, 398, 176, 334, 160, 305, 212, 344, 248, 155, 335, 328]"
algo_nsga2,27,-84.89019439301532,23.71980560698467,48.30980560698466,"[15, 72, 9, 19, 59, 25, 50, 46, 7, 10, 13, 44, 62, 92, 85]","[319, 275, 151, 154, 248, 344, 323, 296, 221, 358, 274, 201, 219, 262, 374]"
algo_nsga2,28,-31.500000000000004,8.559999999999999,31.1,"[38, 10, 68, 62, 74, 43, 30, 16, 53, 86, 91, 65, 12, 13, 42]","[130, 399, 109, 95, 243, 223, 322, 232, 404, 170, 384, 224, 389, 353, 395]"
algo_nsga2,29,-65.18314020999999,17.43685979,32.01685979,"[92, 78, 88, 51, 27, 36, 8, 10, 26, 15, 40, 29, 13, 72, 73]","[276, 285, 151, 154, 248, 344, 323, 296, 221, 358, 274, 201, 219, 262, 374]"
algo_nsga2,30,-63.708649085000005,12.511350915,67.891350915,"[77, 45, 20, 9, 88, 32, 44, 92, 78, 85, 90, 51, 27, 36, 8]","[249, 110, 237, 372, 150, 207, 299, 356, 334, 397, 248, 164, 200, 318, 229]"
algo_nsga2,31,-85.6564196918579,25.2635803081421,47.043580308142104,"[17, 85, 90, 68, 61, 27, 36, 8, 65, 73, 10, 26, 15, 56, 63]","[275, 151, 154, 248, 344, 323, 296, 221, 358, 274, 201, 219, 262, 374, 382]"
algo_nsga2,32,-43.07186062499999,22.888139375,15.428139374999997,"[27, 8, 65, 38, 10, 26, 15, 56, 63, 82, 13, 31, 36, 91, 21]","[217, 175, 383, 317, 400, 285, 256, 163, 328, 350, 361, 394, 233, 160, 122]"
algo_nsga2,33,-96.58125635675921,20.948743643240807,61.0187436432408,"[22, 88, 32, 44, 92, 78, 17, 85, 18, 68, 61, 27, 36, 65, 29]","[107, 275, 151, 154, 248, 344, 323, 296, 221, 358, 274, 201, 219, 262, 374]"
algo_nsga2,34,-60.5999339425,26.350066057500005,31.1000660575,"[3, 5, 62, 69, 63, 2, 41, 65, 29, 71, 39, 58, 49, 40, 93]","[154, 248, 344, 323, 296, 274, 155, 228, 347, 212, 222, 286, 244, 293, 282]"
algo_nsga2,35,-71.66565878710003,26.234341212899974,39.03434121289997,"[30, 80, 55, 94, 11, 66, 29, 22, 7, 10, 13, 44, 62, 92, 85]","[154, 248, 344, 323, 296, 221, 358, 274, 219, 262, 374, 382, 299, 155, 363]"
algo_nsga2,36,-91.81886339999998,25.2011366,50.58113660000001,"[9, 19, 25, 79, 89, 31, 36, 26, 35, 67, 21, 59, 15, 92, 7]","[319, 275, 151, 154, 248, 344, 323, 296, 221, 358, 274, 201, 219, 262, 374]"
algo_nsga2,37,-59.277127775,14.492872225,43.822872225000005,"[47, 17, 10, 76, 35, 40, 74, 16, 61, 27, 36, 8, 51, 54, 45]","[334, 160, 305, 344, 248, 294, 96, 130, 354, 302, 125, 315, 142, 195, 298]"
algo_nsga2,38,-89.76924810497171,17.99075189502831,66.0307518950283,"[77, 91, 32, 44, 78, 17, 85, 90, 61, 27, 36, 8, 51, 54, 45]","[319, 275, 151, 154, 299, 344, 323, 296, 221, 358, 274, 200, 219, 262, 374]"
algo_nsga2,39,-33.2528441475,25.637155852499998,9.9471558525,"[3, 24, 13, 46, 27, 36, 8, 15, 38, 10, 26, 75, 56, 63, 44]","[317, 132, 182, 192, 335, 105, 243, 167, 285, 349, 131, 161, 183, 189, 203]"
algo_nsga2,40,-108.33595507930805,29.724044920691952,75.96404492069196,"[77, 91, 22, 88, 32, 44, 92, 78, 17, 85, 18, 68, 61, 27, 36]","[151, 154, 248, 344, 323, 221, 358, 274, 201, 219, 262, 374, 382, 299, 155]"
algo_nsga2,41,-26.225412193846154,6.674587806153847,20.274587806153846,"[83, 76, 60, 79, 40, 75, 33, 55, 14, 71, 85, 65, 12, 13, 42]","[346, 243, 339, 241, 366, 233, 292, 312, 257, 255, 230, 196, 218, 340, 108]"
algo_nsga2,42,-0.5401518332087134,6.679848166791286,7.459848166791287,"[49, 11, 65, 91, 61, 12, 70, 75, 52, 80, 27, 44, 73, 16, 83]","[286, 304, 126, 205, 346, 112, 201, 225, 222, 385, 113, 188, 104, 195, 228]"
algo_nsga2,43,-61.79988852329892,16.24011147670107,31.600111476701073,"[30, 80, 55, 94, 11, 66, 29, 22, 58, 33, 51, 54, 10, 26, 15]","[151, 154, 248, 344, 323, 296, 221, 358, 274, 219, 262, 374, 382, 299, 155]"
algo_nsga2,44,-15.456418124999999,11.063581875,12.643581874999999,"[18, 33, 55, 14, 71, 85, 32, 2, 41, 21, 80, 29, 39, 58, 49]","[275, 326, 173, 316, 252, 386, 222, 165, 218, 243, 95, 228, 241, 258, 286]"
algo_nsga2,45,-53.0,14.009999999999998,20.8,"[32, 78, 17, 90, 61, 27, 36, 65, 10, 7, 38, 60, 63, 82, 13]","[261, 275, 154, 248, 344, 323, 296, 221, 358, 274, 201, 219, 262, 374, 382]"
algo_nsga2,46,-19.7,13.58,8.299999999999999,"[33, 55, 71, 85, 65, 12, 13, 36, 80, 27, 9, 54, 91, 1, 82]","[403, 122, 190, 391, 204, 348, 146, 351, 260, 317, 252, 333, 159, 125, 173]"
algo_nsga2,47,-41.31134132500001,12.808658675,18.788658675,"[10, 26, 15, 56, 63, 82, 31, 14, 91, 72, 69, 19, 36, 9, 53]","[311, 154, 248, 344, 201, 296, 221, 358, 274, 323, 219, 262, 374, 382, 299]"
algo_nsga2,48,-51.157170625,13.712829375,27.442829375000006,"[36, 8, 65, 38, 10, 26, 15, 56, 63, 13, 72, 28, 19, 14, 89]","[275, 151, 154, 248, 344, 323, 296, 221, 358, 274, 375, 201, 219, 262, 374]"
algo_nsga2,49,-12.71728225,6.51271775,14.182717749999998,"[85, 32, 33, 1, 7, 45, 29, 13, 35, 57, 26, 15, 56, 63, 82]","[191, 314, 129, 362, 144, 187, 287, 142, 380, 303, 325, 241, 126, 276, 311]"
algo_nsga2,50,-55.98230073346155,20.67769926653846,24.017699266538457,"[32, 38, 23, 11, 85, 8, 20, 92, 14, 6, 37, 90, 33, 29, 84]","[398, 161, 354, 342, 97, 315, 258, 285, 248, 140, 189, 203, 101, 296, 289]"
algo_nsga2,51,-57.75448949999999,16.8555105,28.245510499999998,"[50, 13, 9, 19, 69, 24, 58, 55, 82, 70, 17, 28, 31, 20, 43]","[151, 154, 248, 344, 323, 296, 221, 358, 277, 201, 219, 262, 374, 382, 299]"
algo_nsga2,52,-77.72239049653523,21.98760950346478,39.67760950346478,"[9, 19, 25, 36, 91, 59, 15, 8, 7, 10, 13, 44, 62, 92, 85]","[319, 275, 151, 154, 248, 344, 323, 296, 221, 358, 274, 201, 219, 262, 374]"
algo_nsga2,53,-72.68013924232426,33.06986075767575,35.31986075767574,"[82, 72, 9, 19, 53, 24, 25, 65, 69, 89, 31, 36, 91, 35, 67]","[164, 383, 217, 292, 339, 385, 247, 400, 340, 154, 316, 266, 251, 273, 253]"
algo_nsga2,54,-40.137274749999996,9.48272525,26.162725249999998,"[33, 55, 14, 71, 85, 32, 12, 13, 36, 80, 27, 52, 54, 82, 8]","[305, 344, 248, 294, 96, 402, 354, 302, 106, 315, 142, 195, 298, 310, 311]"
algo_nsga2,55,-9.406477598745925,10.373522401254075,7.493522401254076,"[9, 49, 24, 69, 13, 51, 41, 67, 59, 15, 61, 38, 10, 92, 32]","[174, 254, 159, 347, 274, 194, 267, 157, 369, 191, 362, 314, 388, 290, 120]"
algo_nsga2,56,-27.293023374999997,11.136976625,16.406976625,"[78, 8, 11, 89, 36, 40, 72, 61, 38, 84, 15, 56, 59, 53, 24]","[200, 265, 128, 389, 172, 95, 362, 139, 301, 353, 290, 239, 145, 213, 118]"
algo_nsga2,57,-14.518596846153846,9.671403153846153,12.781403153846155,"[75, 33, 55, 14, 71, 85, 32, 12, 13, 80, 27, 36, 8, 65, 92]","[300, 332, 152, 188, 238, 398, 176, 334, 160, 305, 344, 248, 294, 96, 130]"
algo_nsga2,58,-45.24048225,9.46951775,34.15951775,"[60, 3, 44, 92, 78, 17, 85, 68, 61, 27, 54, 62, 65, 36, 73]","[151, 248, 344, 323, 296, 221, 358, 201, 219, 262, 374, 382, 299, 155, 363]"
algo_nsga2,59,-81.99398411862911,24.48601588137088,40.40601588137088,"[9, 19, 25, 36, 91, 59, 15, 61, 7, 10, 13, 44, 62, 92, 85]","[319, 275, 151, 154, 248, 344, 323, 296, 221, 358, 274, 201, 219, 262, 374]"
algo_nsga2,60,-96.065784775,37.334215225,50.534215225000004,"[78, 17, 85, 68, 61, 27, 54, 62, 65, 36, 73, 10, 26, 48, 72]","[154, 248, 344, 323, 221, 114, 153, 166, 231, 358, 277, 201, 219, 262, 374]"
algo_nsga2,61,-62.93098874261561,30.89901125738438,28.569011257384382,"[9, 19, 53, 65, 82, 89, 25, 67, 59, 15, 61, 38, 10, 41, 13]","[383, 217, 292, 339, 385, 247, 400, 340, 154, 316, 266, 251, 273, 253, 204]"
algo_nsga2,62,-83.73375245370278,18.706247546297224,47.366247546297224,"[92, 78, 17, 85, 90, 68, 61, 27, 36, 8, 65, 73, 10, 26, 15]","[275, 151, 154, 248, 344, 323, 296, 221, 358, 274, 201, 219, 262, 374, 382]"
algo_nsga2,63,-78.21993765,16.700062350000003,41.78006235,"[32, 91, 43, 44, 78, 17, 85, 90, 61, 27, 36, 8, 2, 54, 45]","[319, 275, 151, 154, 248, 344, 323, 296, 221, 358, 274, 201, 219, 262, 374]"
algo_nsga2,64,-42.89495575,21.90504425,16.305044249999998,"[27, 45, 65, 38, 10, 26, 15, 56, 63, 82, 13, 31, 36, 91, 21]","[217, 175, 383, 317, 400, 285, 256, 163, 328, 350, 361, 394, 233, 160, 122]"
algo_nsga2,65,-43.89994433811004,20.31005566188997,17.90005566188997,"[17, 90, 51, 61, 27, 36, 45, 65, 10, 26, 15, 56, 63, 82, 19]","[311, 154, 248, 344, 201, 296, 221, 358, 274, 323, 219, 262, 374, 382, 299]"
algo_nsga2,66,-60.69335349615385,11.656646503846153,57.50664650384615,"[20, 9, 88, 32, 44, 92, 78, 85, 90, 51, 27, 36, 8, 65, 38]","[249, 110, 237, 372, 150, 207, 299, 356, 334, 397, 248, 164, 200, 318, 229]"
algo_nsga2,67,-74.74656090173076,14.733439098269232,56.55343909826924,"[82, 65, 3, 10, 92, 73, 16, 14, 47, 20, 90, 26, 50, 49, 45]","[257, 197, 243, 310, 254, 399, 108, 159, 151, 117, 357, 194, 370, 308, 124]"
algo_nsga2,68,1.8290621569077112,7.979062156907712,5.829062156907711,"[50, 49, 56, 88, 6, 72, 59, 15, 61, 10, 48, 13, 92, 17, 53]","[131, 187, 350, 361, 339, 149, 143, 215, 284, 220, 132, 371, 114, 166, 212]"
algo_nsga2,69,-33.2528441475,25.637155852499998,9.9471558525,"[3, 24, 13, 46, 27, 36, 8, 15, 38, 10, 26, 75, 56, 63, 44]","[317, 132, 182, 192, 335, 105, 243, 167, 285, 349, 131, 161, 183, 189, 203]"
algo_nsga2,70,-66.19659112499998,23.103408875,31.503408875,"[9, 22, 25, 36, 91, 59, 15, 8, 7, 10, 13, 44, 92, 85, 17]","[151, 154, 248, 344, 401, 296, 221, 358, 274, 201, 219, 262, 374, 382, 299]"
algo_nsga2,71,-76.81017850800632,14.769821491993685,45.489821491993695,"[32, 44, 92, 78, 90, 61, 27, 36, 8, 91, 10, 26, 15, 56, 63]","[275, 151, 154, 248, 344, 323, 296, 221, 358, 132, 201, 219, 262, 374, 382]"
algo_nsga2,72,-97.80906008500001,19.880939915,69.19093991499999,"[77, 45, 9, 88, 32, 44, 92, 78, 85, 90, 27, 36, 8, 65, 38]","[292, 275, 151, 154, 248, 344, 323, 296, 221, 358, 274, 201, 219, 262, 374]"
algo_nsga2,73,-42.07421977,7.795780229999999,45.22578023,"[32, 44, 92, 78, 90, 51, 27, 36, 8, 65, 38, 10, 26, 15, 63]","[249, 110, 237, 372, 150, 207, 299, 356, 334, 397, 248, 164, 200, 318, 229]"
algo_nsga2,74,-65.6,15.099999999999998,39.800000000000004,"[38, 67, 6, 88, 32, 44, 92, 78, 17, 85, 90, 68, 61, 27, 36]","[275, 151, 154, 248, 344, 323, 296, 221, 358, 274, 201, 219, 374, 299, 155]"
algo_nsga2,75,-0.42425509640758374,6.925744903592417,7.275744903592416,"[39, 49, 40, 93, 9, 19, 86, 77, 83, 32, 91, 76, 23, 12, 45]","[308, 224, 341, 254, 245, 138, 113, 149, 284, 314, 199, 177, 376, 99, 328]"
algo_nsga2,76,-73.40963852300631,14.680361476993685,41.29036147699369,"[32, 44, 17, 90, 68, 61, 27, 36, 62, 65, 51, 54, 10, 26, 15]","[275, 151, 154, 248, 344, 323, 296, 221, 358, 274, 219, 262, 374, 382, 299]"
algo_nsga2,77,-82.64091468040259,25.139085319597406,44.55908531959741,"[68, 61, 27, 36, 62, 65, 51, 54, 10, 26, 15, 56, 63, 50, 13]","[275, 154, 248, 344, 323, 296, 358, 274, 201, 219, 262, 374, 382, 299, 155]"
algo_nsga2,78,-17.210352237500004,11.6496477625,11.989647762499999,"[89, 74, 33, 35, 1, 81, 15, 2, 41, 21, 80, 29, 71, 39, 58]","[275, 326, 173, 316, 252, 386, 222, 165, 218, 243, 95, 228, 241, 258, 286]"
algo_nsga2,79,-18.279361650000002,20.490638349999998,7.02063835,"[50, 24, 22, 53, 54, 86, 18, 2, 41, 40, 80, 29, 71, 39, 58]","[147, 128, 236, 281, 143, 232, 201, 174, 124, 290, 139, 369, 378, 104, 267]"
algo_nsga2,80,-27.262687897500005,24.117312102499998,9.3373121025,"[3, 24, 13, 46, 27, 36, 8, 15, 38, 10, 26, 75, 56, 63, 44]","[317, 132, 182, 192, 335, 105, 243, 167, 285, 349, 131, 256, 183, 189, 203]"
algo_nsga2,81,-44.87471725,11.41528275,24.92528275,"[60, 67, 26, 52, 57, 14, 42, 53, 7, 21, 80, 29, 12, 39, 58]","[154, 248, 344, 323, 296, 274, 155, 228, 347, 212, 222, 286, 244, 293, 282]"
algo_nsga2,82,-56.132768799999994,24.7072312,24.6672312,"[9, 24, 69, 41, 67, 59, 61, 38, 10, 92, 32, 18, 22, 14, 47]","[177, 154, 248, 344, 323, 221, 358, 274, 201, 219, 262, 374, 382, 299, 155]"
algo_nsga2,83,-39.300000000000004,8.33,36.5,"[91, 32, 44, 92, 17, 85, 90, 68, 89, 27, 62, 65, 54, 73, 10]","[329, 350, 168, 279, 392, 373, 306, 317, 139, 298, 397, 97, 327, 230, 105]"
algo_nsga2,84,-42.144836500000004,11.145163499999999,29.9551635,"[84, 15, 56, 59, 53, 58, 13, 21, 50, 75, 46, 71, 81, 35, 34]","[275, 151, 384, 248, 344, 323, 296, 221, 358, 132, 201, 219, 262, 374, 382]"
algo_nsga2,85,-9.406477598745925,10.373522401254075,7.493522401254076,"[9, 49, 24, 69, 13, 51, 41, 67, 59, 15, 61, 38, 10, 92, 32]","[174, 254, 159, 347, 274, 194, 267, 157, 369, 191, 362, 314, 388, 290, 120]"
algo_nsga2,86,-52.712092603589745,8.357907396410257,36.887907396410256,"[32, 20, 8, 44, 85, 52, 37, 92, 91, 17, 90, 51, 61, 27, 36]","[243, 237, 395, 152, 321, 374, 176, 101, 232, 248, 315, 249, 195, 203, 282]"
algo_nsga2,87,-84.55582440875,15.68417559125,52.04417559125,"[32, 44, 92, 78, 17, 85, 90, 68, 61, 27, 58, 8, 65, 73, 10]","[107, 275, 151, 154, 248, 344, 323, 296, 221, 358, 274, 201, 219, 262, 374]"
algo_nsga2,88,-56.89968275491031,14.890317245089689,29.10031724508969,"[88, 32, 10, 78, 17, 90, 61, 27, 36, 65, 38, 60, 63, 82, 13]","[261, 275, 154, 248, 344, 323, 296, 221, 358, 274, 201, 219, 262, 374, 382]"
algo_nsga2,89,-106.66750758838312,21.102492411616897,60.732492411616896,"[91, 9, 88, 32, 44, 92, 78, 85, 90, 27, 36, 8, 65, 38, 10]","[275, 151, 154, 248, 344, 323, 296, 221, 358, 274, 201, 219, 262, 374, 382]"
algo_nsga2,90,-11.1649458,18.0550542,6.635054199999999,"[89, 33, 46, 83, 61, 56, 57, 1, 93, 10, 13, 44, 62, 92, 85]","[314, 120, 202, 227, 248, 344, 323, 296, 221, 358, 274, 201, 219, 262, 374]"
algo_nsga2,91,-7.02004425,12.05995575,3.9799557500000002,"[33, 13, 24, 69, 63, 2, 41, 80, 29, 71, 39, 58, 49, 40, 12]","[281, 143, 232, 201, 174, 124, 290, 139, 369, 378, 104, 267, 402, 257, 327]"
algo_nsga2,92,-84.55582440875,15.68417559125,52.04417559125,"[32, 44, 92, 78, 17, 85, 90, 68, 61, 27, 8, 58, 65, 73, 10]","[107, 275, 151, 154, 248, 344, 323, 296, 221, 358, 274, 201, 219, 262, 374]"
algo_nsga2,93,-32.423108000000006,11.486891999999997,14.376892,"[50, 7, 24, 45, 28, 84, 32, 94, 78, 57, 22, 77, 46, 17, 85]","[391, 96, 109, 271, 224, 396, 373, 206, 248, 390, 195, 136, 190, 134, 288]"
algo_nsga2,94,-31.650179763333334,8.899820236666667,18.349820236666663,"[32, 61, 8, 59, 10, 26, 56, 13, 69, 14, 88, 41, 82, 92, 38]","[389, 353, 332, 192, 262, 394, 221, 317, 128, 306, 242, 145, 373, 329, 392]"
algo_nsga2,95,-70.3999027962351,13.480097203764904,44.30009720376491,"[32, 44, 92, 78, 17, 85, 90, 68, 61, 27, 36, 8, 51, 54, 62]","[275, 151, 154, 344, 323, 296, 221, 358, 274, 201, 299, 209, 219, 262, 374]"
algo_nsga2,96,-82.04599005370277,24.244009946297222,46.45400994629723,"[17, 85, 90, 68, 61, 29, 36, 8, 65, 73, 10, 26, 15, 56, 63]","[275, 151, 154, 248, 344, 323, 296, 221, 358, 274, 201, 219, 262, 374, 382]"
algo_nsga2,97,-108.33595507930805,29.724044920691952,75.96404492069196,"[77, 91, 22, 88, 32, 44, 92, 78, 17, 85, 18, 68, 61, 27, 36]","[151, 154, 248, 344, 323, 221, 358, 274, 201, 219, 262, 374, 382, 299, 155]"
algo_nsga2,98,-48.9,11.880000000000003,22.7,"[33, 55, 14, 71, 85, 12, 13, 36, 80, 27, 52, 54, 82, 8, 61]","[275, 151, 154, 248, 344, 323, 296, 221, 358, 274, 201, 219, 262, 374, 382]"
algo_nsga2,99,-48.9,11.880000000000003,22.7,"[33, 55, 14, 71, 85, 12, 13, 36, 80, 27, 52, 54, 82, 8, 61]","[275, 151, 154, 248, 344, 323, 296, 221, 358, 274, 201, 219, 262, 374, 382]"
